VAL1,VAL2,VAL3,VAL4,VAL5
2.706849839399938,0.6281327087844596,0.9079694464765431,0.5038257538223936,0.6511179479432686
-0.31931804459303326,-0.8480769834036315,0.6059653494949336,-2.018168244037392,0.7401220570561068
0.5288134940893595,-0.5890005332865824,0.18869530944922425,-0.758872056210466,-0.9332372163009188
0.9550565092637361,0.19079432237171562,1.9787573241128278,2.60596727979128,0.6835088855389145
0.3026654485851825,1.693722925204035,-1.7060859307350775,-1.1591194155484297,-0.13484072060601238
0.39052784273374097,0.16690463609281317,0.18450185928224264,0.8077059142577141,0.07295967531703869
